# PUBLIC synthetic actual Swift media-signaling capture; not SDP, native or device proof
basis.reconnect-sha256	M2M4ZWY0MjEzOWM4MWU0Y2ZmMTBmY2MxOTU3YWEwNDYwYTc1NDg3OTJjZTdlOTUyNDk4OTY2ZWZmNTFjNjI5ZQ==
capture.host-candidate.inbound	eyJlbnZlbG9wZSI6ImV5SmphR0Z1Ym1Wc1NVUWlPaUkxVURGRU0wWkVXRkpEUmxrMU5UVk5Oa1pOUWpkWVN6TTBPRk5JVGxjM1dGRlRRekZMU2pNd1dVUkxNRFZMTVVaQ1dFWkhJaXdpWTJsd2FHVnlkR1Y0ZENJNklraHVUazEwU2taV1NHNTFkR2RxYlZsclZYTXdha0psZVcxR2VVbFNTakJrTWsxeFozRkpaVWt3YWxOalNsWk1XRlIxWlhWclExd3ZXRFpvZWpaNmVGWktaRWRTVG1KT2NDdHVkVTVHWm04NVMzQnRibTF2YkRCMVNYUnNTVXhZWTJSVWVGZHRRVmw1TjJOeVpWaG1TVkYxSzFkMGVrTm5OQ3RKVEdoS01UVkZZM2xXVDFJclpHMTBaakV5VW5GVFRYZFlVMmQ1YzNKbFlUQnNlRTlFZFVoU2FEazFjV1Z4SzBwMWIySnJSelV4Tm1kS05tZzVWVXA2U2t4cmNVTkxiSGRRUVdWTU1FMVZTWFJQUzFSdVVtUm5aMDFHTlVwcWFrczRlVXcyTjFoUWFFb3hUa0ZoYjA5MVNHSkZVbUptWVU5bk9VcE9XVTA0TjFGQlJXWm1WR005SWl3aVpHbHlaV04wYVc5dUlqb2lhRzl6ZEZSdlZtbGxkMlZ5SWl3aWMyVnhkV1Z1WTJVaU9qSXNJblpsY25OcGIyNGlPakY5IiwiZnJvbSI6Imhvc3QiLCJzZXEiOjIsInR5cGUiOiJzaWduYWwifQ==
capture.host-candidate.outbound	eyJlbnZlbG9wZSI6ImV5SmphR0Z1Ym1Wc1NVUWlPaUkxVURGRU0wWkVXRkpEUmxrMU5UVk5Oa1pOUWpkWVN6TTBPRk5JVGxjM1dGRlRRekZMU2pNd1dVUkxNRFZMTVVaQ1dFWkhJaXdpWTJsd2FHVnlkR1Y0ZENJNklraHVUazEwU2taV1NHNTFkR2RxYlZsclZYTXdha0psZVcxR2VVbFNTakJrTWsxeFozRkpaVWt3YWxOalNsWk1XRlIxWlhWclExd3ZXRFpvZWpaNmVGWktaRWRTVG1KT2NDdHVkVTVHWm04NVMzQnRibTF2YkRCMVNYUnNTVXhZWTJSVWVGZHRRVmw1TjJOeVpWaG1TVkYxSzFkMGVrTm5OQ3RKVEdoS01UVkZZM2xXVDFJclpHMTBaakV5VW5GVFRYZFlVMmQ1YzNKbFlUQnNlRTlFZFVoU2FEazFjV1Z4SzBwMWIySnJSelV4Tm1kS05tZzVWVXA2U2t4cmNVTkxiSGRRUVdWTU1FMVZTWFJQUzFSdVVtUm5aMDFHTlVwcWFrczRlVXcyTjFoUWFFb3hUa0ZoYjA5MVNHSkZVbUptWVU5bk9VcE9XVTA0TjFGQlJXWm1WR005SWl3aVpHbHlaV04wYVc5dUlqb2lhRzl6ZEZSdlZtbGxkMlZ5SWl3aWMyVnhkV1Z1WTJVaU9qSXNJblpsY25OcGIyNGlPakY5Iiwic2VxIjoyLCJ0eXBlIjoic2lnbmFsIn0=
capture.host-candidate.payload	eyJjYW5kaWRhdGUiOnsic2RwIjoiY2FuZGlkYXRlOjEgMSB1ZHAgMjExMzkzNzE1MSAxOTIuMC4yLjEgNTAwMCB0eXAgaG9zdCB1ZnJhZyBIU1QxIiwic2RwTUxpbmVJbmRleCI6MCwic2RwTWlkIjoiMCIsInVzZXJuYW1lRnJhZ21lbnQiOiJIU1QxIn0sImtpbmQiOiJjYW5kaWRhdGUifQ==
capture.host-end.inbound	eyJlbnZlbG9wZSI6ImV5SmphR0Z1Ym1Wc1NVUWlPaUkxVURGRU0wWkVXRkpEUmxrMU5UVk5Oa1pOUWpkWVN6TTBPRk5JVGxjM1dGRlRRekZMU2pNd1dVUkxNRFZMTVVaQ1dFWkhJaXdpWTJsd2FHVnlkR1Y0ZENJNklsTlFaa3hNU3pGYVExWlRlVFV4VkhkM1JtWkhjVGxIVmtKWGFXOWtlVkpjTDNodE9EbFdheXM1UjFBeGNsWnJUblE0SzBwV1dUUnVRalZ2TlhCV05rWnpNM3BMYml0SldtTmFSMjlPVjB4NVYyeExjekZtV25CMlRWbDNQU0lzSW1ScGNtVmpkR2x2YmlJNkltaHZjM1JVYjFacFpYZGxjaUlzSW5ObGNYVmxibU5sSWpvekxDSjJaWEp6YVc5dUlqb3hmUSIsImZyb20iOiJob3N0Iiwic2VxIjozLCJ0eXBlIjoic2lnbmFsIn0=
capture.host-end.outbound	eyJlbnZlbG9wZSI6ImV5SmphR0Z1Ym1Wc1NVUWlPaUkxVURGRU0wWkVXRkpEUmxrMU5UVk5Oa1pOUWpkWVN6TTBPRk5JVGxjM1dGRlRRekZMU2pNd1dVUkxNRFZMTVVaQ1dFWkhJaXdpWTJsd2FHVnlkR1Y0ZENJNklsTlFaa3hNU3pGYVExWlRlVFV4VkhkM1JtWkhjVGxIVmtKWGFXOWtlVkpjTDNodE9EbFdheXM1UjFBeGNsWnJUblE0SzBwV1dUUnVRalZ2TlhCV05rWnpNM3BMYml0SldtTmFSMjlPVjB4NVYyeExjekZtV25CMlRWbDNQU0lzSW1ScGNtVmpkR2x2YmlJNkltaHZjM1JVYjFacFpYZGxjaUlzSW5ObGNYVmxibU5sSWpvekxDSjJaWEp6YVc5dUlqb3hmUSIsInNlcSI6MywidHlwZSI6InNpZ25hbCJ9
capture.host-end.payload	eyJlbmRSZWFzb24iOiJob3N0U3RvcHBlZCIsImtpbmQiOiJlbmQifQ==
capture.host-identity.inbound	eyJlbnZlbG9wZSI6ImV5SmphR0Z1Ym1Wc1NVUWlPaUkxVURGRU0wWkVXRkpEUmxrMU5UVk5Oa1pOUWpkWVN6TTBPRk5JVGxjM1dGRlRRekZMU2pNd1dVUkxNRFZMTVVaQ1dFWkhJaXdpWTJsd2FHVnlkR1Y0ZENJNklrdE9SSEZ1YjBoaE5rNUlPRFZRVlRKR1QzWk5VblU0ZUZOelFqaFZjM2d5V2s1RlFrMURaREpaZVdsRmJDdE1OVnBrVVVkdFRFcDJVWEp5VUhSVFpqbGFWRFpUTWpFMlpFNVRlVmRwTlVwbWRGbDVWM2czZVhoUWRGSlRkSGxVWTI5VWNqZzFUVlpGVFVsT2FYWXlaRzUyUW13emJuVkZVazlvU214UlRIRkpURFp2WEM5S2FWaHdVbEZPWjA5aFFuTlVVVzFKWTFSaE5EUlJlR1ZFYkZocVVGRlNhM1Z2Y1hwNVRUUmFNbWRWT1V4dlNYbFVUbGR5UldKdVEyTjJjMnRuWkc1T2RteEdhRGh6ZUZSeFJYWjVaSEZNYVRZeE5WaGpWa3RGVFdaS1dWSXhUa0ZoT1dWWWRWVXphbE5EUm5aSk16QkNiSE5YZW1kM1kxd3ZLM1poZFhGWVYzUktjWHBRVkd0NE9HRmNMMFZoWVhOR1ZrSmNMekpTZGtsdlBTSXNJbVJwY21WamRHbHZiaUk2SW1odmMzUlViMVpwWlhkbGNpSXNJbk5sY1hWbGJtTmxJam93TENKMlpYSnphVzl1SWpveGZRIiwiZnJvbSI6Imhvc3QiLCJzZXEiOjAsInR5cGUiOiJzaWduYWwifQ==
capture.host-identity.outbound	eyJlbnZlbG9wZSI6ImV5SmphR0Z1Ym1Wc1NVUWlPaUkxVURGRU0wWkVXRkpEUmxrMU5UVk5Oa1pOUWpkWVN6TTBPRk5JVGxjM1dGRlRRekZMU2pNd1dVUkxNRFZMTVVaQ1dFWkhJaXdpWTJsd2FHVnlkR1Y0ZENJNklrdE9SSEZ1YjBoaE5rNUlPRFZRVlRKR1QzWk5VblU0ZUZOelFqaFZjM2d5V2s1RlFrMURaREpaZVdsRmJDdE1OVnBrVVVkdFRFcDJVWEp5VUhSVFpqbGFWRFpUTWpFMlpFNVRlVmRwTlVwbWRGbDVWM2czZVhoUWRGSlRkSGxVWTI5VWNqZzFUVlpGVFVsT2FYWXlaRzUyUW13emJuVkZVazlvU214UlRIRkpURFp2WEM5S2FWaHdVbEZPWjA5aFFuTlVVVzFKWTFSaE5EUlJlR1ZFYkZocVVGRlNhM1Z2Y1hwNVRUUmFNbWRWT1V4dlNYbFVUbGR5UldKdVEyTjJjMnRuWkc1T2RteEdhRGh6ZUZSeFJYWjVaSEZNYVRZeE5WaGpWa3RGVFdaS1dWSXhUa0ZoT1dWWWRWVXphbE5EUm5aSk16QkNiSE5YZW1kM1kxd3ZLM1poZFhGWVYzUktjWHBRVkd0NE9HRmNMMFZoWVhOR1ZrSmNMekpTZGtsdlBTSXNJbVJwY21WamRHbHZiaUk2SW1odmMzUlViMVpwWlhkbGNpSXNJbk5sY1hWbGJtTmxJam93TENKMlpYSnphVzl1SWpveGZRIiwic2VxIjowLCJ0eXBlIjoic2lnbmFsIn0=
capture.host-identity.payload	eyJpZGVudGl0eSI6eyJkZXZpY2VJRCI6IjExMTExMTExLTIyMjItNDMzMy04NDQ0LTU1NTU1NTU1NTU1NSIsImRpc3BsYXlOYW1lIjoiTWFjIFwvIGNhZsOpIiwicHVibGljS2V5IjoiUWtKQ1FrSkNRa0pDUWtKQ1FrSkNRa0pDUWtKQ1FrSkNRa0pDUWtKQ1FrST0iLCJyb2xlIjoiaG9zdCJ9LCJraW5kIjoiaWRlbnRpdHkifQ==
capture.host-offer.inbound	eyJlbnZlbG9wZSI6ImV5SmphR0Z1Ym1Wc1NVUWlPaUkxVURGRU0wWkVXRkpEUmxrMU5UVk5Oa1pOUWpkWVN6TTBPRk5JVGxjM1dGRlRRekZMU2pNd1dVUkxNRFZMTVVaQ1dFWkhJaXdpWTJsd2FHVnlkR1Y0ZENJNklrMTJSR2hUUzBsVVNGUlZSRmxvV25kQ04yRXpTSFJ4YTJSRlNFVndjbTkzWXpOQ2JTdHpZVTEwVVhjMk56STFNa1l4VjJnM1NISnVNVmxSYlVZMmJsQm5Ua0pCTXpoSk5YaERSMnRxZVU1a1EzVm5RMjVJTTBadWQwdFROSHB6ZUV4bEsxd3ZRVEZzT0RJeGMwUnJjMFl4VG1walR6bDNNM05pVEU0eWNXVkphR3RzY1VWbFNFeEtOM0JxVmxVNFZYbFpjM2hNZFhrclNtVnBhRWg1UkRnMFVrbzRVak5JVWtGeFpuQnVkMlEwU0VNclVVdFplbnBCU1ZKVVptRnRaSG95YkV0a04wcGFNa2xjTDF3dlNGaHRjRFZ2UkhvMlVXRlhTblpzV0VZM1QzSlFkaXRJVjJKck5FUlRaV2RZT0VZME0wUmpZemRvTUcxQ1dGd3ZlRzlyTkdscFpIWk1OREl5U1hWY0wyRjNkVUZqV1RkVlZqZEVSeXRhT0hOVGRXMVhiMWRRSWl3aVpHbHlaV04wYVc5dUlqb2lhRzl6ZEZSdlZtbGxkMlZ5SWl3aWMyVnhkV1Z1WTJVaU9qRXNJblpsY25OcGIyNGlPakY5IiwiZnJvbSI6Imhvc3QiLCJzZXEiOjEsInR5cGUiOiJzaWduYWwifQ==
capture.host-offer.outbound	eyJlbnZlbG9wZSI6ImV5SmphR0Z1Ym1Wc1NVUWlPaUkxVURGRU0wWkVXRkpEUmxrMU5UVk5Oa1pOUWpkWVN6TTBPRk5JVGxjM1dGRlRRekZMU2pNd1dVUkxNRFZMTVVaQ1dFWkhJaXdpWTJsd2FHVnlkR1Y0ZENJNklrMTJSR2hUUzBsVVNGUlZSRmxvV25kQ04yRXpTSFJ4YTJSRlNFVndjbTkzWXpOQ2JTdHpZVTEwVVhjMk56STFNa1l4VjJnM1NISnVNVmxSYlVZMmJsQm5Ua0pCTXpoSk5YaERSMnRxZVU1a1EzVm5RMjVJTTBadWQwdFROSHB6ZUV4bEsxd3ZRVEZzT0RJeGMwUnJjMFl4VG1walR6bDNNM05pVEU0eWNXVkphR3RzY1VWbFNFeEtOM0JxVmxVNFZYbFpjM2hNZFhrclNtVnBhRWg1UkRnMFVrbzRVak5JVWtGeFpuQnVkMlEwU0VNclVVdFplbnBCU1ZKVVptRnRaSG95YkV0a04wcGFNa2xjTDF3dlNGaHRjRFZ2UkhvMlVXRlhTblpzV0VZM1QzSlFkaXRJVjJKck5FUlRaV2RZT0VZME0wUmpZemRvTUcxQ1dGd3ZlRzlyTkdscFpIWk1OREl5U1hWY0wyRjNkVUZqV1RkVlZqZEVSeXRhT0hOVGRXMVhiMWRRSWl3aVpHbHlaV04wYVc5dUlqb2lhRzl6ZEZSdlZtbGxkMlZ5SWl3aWMyVnhkV1Z1WTJVaU9qRXNJblpsY25OcGIyNGlPakY5Iiwic2VxIjoxLCJ0eXBlIjoic2lnbmFsIn0=
capture.host-offer.payload	eyJraW5kIjoib2ZmZXIiLCJzZHAiOiJ2PTBcclxubz0tIDEgMiBJTiBJUDQgMTI3LjAuMC4xXHJcbnM9QmVsdWdhXHJcbnQ9MCAwXHJcbm09YXVkaW8gOSBVRFBcL1RMU1wvUlRQXC9TQVZQRiAxMTFcclxuYT1ydHBtYXA6MTExIG9wdXNcLzQ4MDAwXC8yXHJcbmE9Zm10cDoxMTEgc3RlcmVvPTE7c3Byb3Atc3RlcmVvPTFcclxuIn0=
capture.viewer-answer.inbound	eyJlbnZlbG9wZSI6ImV5SmphR0Z1Ym1Wc1NVUWlPaUkxVURGRU0wWkVXRkpEUmxrMU5UVk5Oa1pOUWpkWVN6TTBPRk5JVGxjM1dGRlRRekZMU2pNd1dVUkxNRFZMTVVaQ1dFWkhJaXdpWTJsd2FHVnlkR1Y0ZENJNklqQTVVbFJDVjJJMmRVSjJZVTh5VWtwQ01sUjFlbU5LTlZZNFZsWlhWbk14ZGpCRk4wOXFaRll4Vm01Sk4xSnNNWFpPWmxnNFlsTk9RMjlhVTAxRWRWZE5PR3R2T1hGemN6TlFVWFpuYXpSWWJ6bHBjMnhPWm1OUGVVVlFNWGhMUlZVeWFDdENWMGRYY2pOTVQxUkxTbXB5WW1nNU5HTjRPVFpVUVdGRWMySlliMUZETmpremVtNUdlWHBCWVRSamFXbEpjMDF6WkVaY0wyOVpRM1ZyY1U1TlFsbHJhR3RaZFhwTlIxVTNaMUJLY0RWc2VFNUpTVzlrWEM4M2JsRjBUMWh2TjJkRk1HRmtlbEp6T1VaMlFVWmtaRTVLSzI1cmQzaDFiVGN6T0dSbVlsWXdOVzA0Y3pGcU5IZGhVWFo2YlVSQlNGaFJWakU1VVU1b1RYRkdUM3BQY0Vsek1ucGxTMFZyUlRaV05GQlpkalpIYm04eWMyOXdlRXRUVTNwQ2QybHFkMmM5UFNJc0ltUnBjbVZqZEdsdmJpSTZJblpwWlhkbGNsUnZTRzl6ZENJc0luTmxjWFZsYm1ObElqb3hMQ0oyWlhKemFXOXVJam94ZlEiLCJmcm9tIjoidmlld2VyIiwic2VxIjoxLCJ0eXBlIjoic2lnbmFsIn0=
capture.viewer-answer.outbound	eyJlbnZlbG9wZSI6ImV5SmphR0Z1Ym1Wc1NVUWlPaUkxVURGRU0wWkVXRkpEUmxrMU5UVk5Oa1pOUWpkWVN6TTBPRk5JVGxjM1dGRlRRekZMU2pNd1dVUkxNRFZMTVVaQ1dFWkhJaXdpWTJsd2FHVnlkR1Y0ZENJNklqQTVVbFJDVjJJMmRVSjJZVTh5VWtwQ01sUjFlbU5LTlZZNFZsWlhWbk14ZGpCRk4wOXFaRll4Vm01Sk4xSnNNWFpPWmxnNFlsTk9RMjlhVTAxRWRWZE5PR3R2T1hGemN6TlFVWFpuYXpSWWJ6bHBjMnhPWm1OUGVVVlFNWGhMUlZVeWFDdENWMGRYY2pOTVQxUkxTbXB5WW1nNU5HTjRPVFpVUVdGRWMySlliMUZETmpremVtNUdlWHBCWVRSamFXbEpjMDF6WkVaY0wyOVpRM1ZyY1U1TlFsbHJhR3RaZFhwTlIxVTNaMUJLY0RWc2VFNUpTVzlrWEM4M2JsRjBUMWh2TjJkRk1HRmtlbEp6T1VaMlFVWmtaRTVLSzI1cmQzaDFiVGN6T0dSbVlsWXdOVzA0Y3pGcU5IZGhVWFo2YlVSQlNGaFJWakU1VVU1b1RYRkdUM3BQY0Vsek1ucGxTMFZyUlRaV05GQlpkalpIYm04eWMyOXdlRXRUVTNwQ2QybHFkMmM5UFNJc0ltUnBjbVZqZEdsdmJpSTZJblpwWlhkbGNsUnZTRzl6ZENJc0luTmxjWFZsYm1ObElqb3hMQ0oyWlhKemFXOXVJam94ZlEiLCJzZXEiOjEsInR5cGUiOiJzaWduYWwifQ==
capture.viewer-answer.payload	eyJraW5kIjoiYW5zd2VyIiwic2RwIjoidj0wXHJcbm89LSAxIDIgSU4gSVA0IDEyNy4wLjAuMVxyXG5zPUJlbHVnYVxyXG50PTAgMFxyXG5tPWF1ZGlvIDkgVURQXC9UTFNcL1JUUFwvU0FWUEYgMTExXHJcbmE9cnRwbWFwOjExMSBvcHVzXC80ODAwMFwvMlxyXG5hPWZtdHA6MTExIHN0ZXJlbz0xO3Nwcm9wLXN0ZXJlbz0xXHJcbiJ9
capture.viewer-candidate.inbound	eyJlbnZlbG9wZSI6ImV5SmphR0Z1Ym1Wc1NVUWlPaUkxVURGRU0wWkVXRkpEUmxrMU5UVk5Oa1pOUWpkWVN6TTBPRk5JVGxjM1dGRlRRekZMU2pNd1dVUkxNRFZMTVVaQ1dFWkhJaXdpWTJsd2FHVnlkR1Y0ZENJNklsQnFZemxvU1U5eWRYRmpibGxQYlZWclRXNUhjSG96Wmpad1pIaDRiVlZOZUhCaEsxRjZUVVI2VW1zelFYcDVhR3hvY1V3NWRXOTNVWFowU2tkamFXNUJUSGcwWm5oWlIzTnpjV0ZWT1ZaeFhDOVRiRE5CZGtrMVNrVjRjbkV6Y2tkVWNsY3dkSGhYSzJsVWRGZzJXSEJ0YlhoaVZVdzJORXBzVjBsc2RUVktXREp0UnpkRWMwaERhMVZWTWpGNFdHeFBibnBIU0c5TWFUQklRVWd5Y1doamVqZzJOSEUxU2xGV01URm5hMmw2VGtNMVExd3ZlVGhRVW5BclIzUXhUbFFyVlc5RU1rcHVOM0ZGWWtOeFNuYzlQU0lzSW1ScGNtVmpkR2x2YmlJNkluWnBaWGRsY2xSdlNHOXpkQ0lzSW5ObGNYVmxibU5sSWpveUxDSjJaWEp6YVc5dUlqb3hmUSIsImZyb20iOiJ2aWV3ZXIiLCJzZXEiOjIsInR5cGUiOiJzaWduYWwifQ==
capture.viewer-candidate.outbound	eyJlbnZlbG9wZSI6ImV5SmphR0Z1Ym1Wc1NVUWlPaUkxVURGRU0wWkVXRkpEUmxrMU5UVk5Oa1pOUWpkWVN6TTBPRk5JVGxjM1dGRlRRekZMU2pNd1dVUkxNRFZMTVVaQ1dFWkhJaXdpWTJsd2FHVnlkR1Y0ZENJNklsQnFZemxvU1U5eWRYRmpibGxQYlZWclRXNUhjSG96Wmpad1pIaDRiVlZOZUhCaEsxRjZUVVI2VW1zelFYcDVhR3hvY1V3NWRXOTNVWFowU2tkamFXNUJUSGcwWm5oWlIzTnpjV0ZWT1ZaeFhDOVRiRE5CZGtrMVNrVjRjbkV6Y2tkVWNsY3dkSGhYSzJsVWRGZzJXSEJ0YlhoaVZVdzJORXBzVjBsc2RUVktXREp0UnpkRWMwaERhMVZWTWpGNFdHeFBibnBIU0c5TWFUQklRVWd5Y1doamVqZzJOSEUxU2xGV01URm5hMmw2VGtNMVExd3ZlVGhRVW5BclIzUXhUbFFyVlc5RU1rcHVOM0ZGWWtOeFNuYzlQU0lzSW1ScGNtVmpkR2x2YmlJNkluWnBaWGRsY2xSdlNHOXpkQ0lzSW5ObGNYVmxibU5sSWpveUxDSjJaWEp6YVc5dUlqb3hmUSIsInNlcSI6MiwidHlwZSI6InNpZ25hbCJ9
capture.viewer-candidate.payload	eyJjYW5kaWRhdGUiOnsic2RwIjoiY2FuZGlkYXRlOjIgMSB1ZHAgMjExMzkzNzE1MSAxOTIuMC4yLjIgNTAwMSB0eXAgaG9zdCIsInNkcE1MaW5lSW5kZXgiOjAsInNkcE1pZCI6IjAifSwia2luZCI6ImNhbmRpZGF0ZSJ9
capture.viewer-end.inbound	eyJlbnZlbG9wZSI6ImV5SmphR0Z1Ym1Wc1NVUWlPaUkxVURGRU0wWkVXRkpEUmxrMU5UVk5Oa1pOUWpkWVN6TTBPRk5JVGxjM1dGRlRRekZMU2pNd1dVUkxNRFZMTVVaQ1dFWkhJaXdpWTJsd2FHVnlkR1Y0ZENJNklrMWllbmdyYjFWNUt6aHhUbEZHUkRZelZtRjFVVkZGTkVWbVFrVnZlR1E0UzNwclFUUTVWVGxXZFZGRWNGZHhiazlJTUVrMVJXSllZMkZPUVdsbGNWUkpRbEZOUmpKYWVFNVNYQzlhVFdKNE9ETnZkbHBjTDFoMloxTmxSMlp3ZWtNd2NGTlNZU0lzSW1ScGNtVmpkR2x2YmlJNkluWnBaWGRsY2xSdlNHOXpkQ0lzSW5ObGNYVmxibU5sSWpvMkxDSjJaWEp6YVc5dUlqb3hmUSIsImZyb20iOiJ2aWV3ZXIiLCJzZXEiOjYsInR5cGUiOiJzaWduYWwifQ==
capture.viewer-end.outbound	eyJlbnZlbG9wZSI6ImV5SmphR0Z1Ym1Wc1NVUWlPaUkxVURGRU0wWkVXRkpEUmxrMU5UVk5Oa1pOUWpkWVN6TTBPRk5JVGxjM1dGRlRRekZMU2pNd1dVUkxNRFZMTVVaQ1dFWkhJaXdpWTJsd2FHVnlkR1Y0ZENJNklrMWllbmdyYjFWNUt6aHhUbEZHUkRZelZtRjFVVkZGTkVWbVFrVnZlR1E0UzNwclFUUTVWVGxXZFZGRWNGZHhiazlJTUVrMVJXSllZMkZPUVdsbGNWUkpRbEZOUmpKYWVFNVNYQzlhVFdKNE9ETnZkbHBjTDFoMloxTmxSMlp3ZWtNd2NGTlNZU0lzSW1ScGNtVmpkR2x2YmlJNkluWnBaWGRsY2xSdlNHOXpkQ0lzSW5ObGNYVmxibU5sSWpvMkxDSjJaWEp6YVc5dUlqb3hmUSIsInNlcSI6NiwidHlwZSI6InNpZ25hbCJ9
capture.viewer-end.payload	eyJlbmRSZWFzb24iOiJ2aWV3ZXJEaXNjb25uZWN0ZWQiLCJraW5kIjoiZW5kIn0=
capture.viewer-hide.inbound	eyJlbnZlbG9wZSI6ImV5SmphR0Z1Ym1Wc1NVUWlPaUkxVURGRU0wWkVXRkpEUmxrMU5UVk5Oa1pOUWpkWVN6TTBPRk5JVGxjM1dGRlRRekZMU2pNd1dVUkxNRFZMTVVaQ1dFWkhJaXdpWTJsd2FHVnlkR1Y0ZENJNklqRlNNaXRUTlc5VGFHNUhRWE5ZV1hGQlNYRjJZbm9yWjNNMU56RndUMnREVkZZNFNuRnpNSEZZYkRCalIzVnhiRnd2VFhoVk9VZGxTbFIwWm1sT1NISnZkSFJaZEVNeFFuZzFPRkJNWkV4Q1RtdEdSeXRjTDJwNE9HSkNVR2NpTENKa2FYSmxZM1JwYjI0aU9pSjJhV1YzWlhKVWIwaHZjM1FpTENKelpYRjFaVzVqWlNJNk5Dd2lkbVZ5YzJsdmJpSTZNWDAiLCJmcm9tIjoidmlld2VyIiwic2VxIjo0LCJ0eXBlIjoic2lnbmFsIn0=
capture.viewer-hide.outbound	eyJlbnZlbG9wZSI6ImV5SmphR0Z1Ym1Wc1NVUWlPaUkxVURGRU0wWkVXRkpEUmxrMU5UVk5Oa1pOUWpkWVN6TTBPRk5JVGxjM1dGRlRRekZMU2pNd1dVUkxNRFZMTVVaQ1dFWkhJaXdpWTJsd2FHVnlkR1Y0ZENJNklqRlNNaXRUTlc5VGFHNUhRWE5ZV1hGQlNYRjJZbm9yWjNNMU56RndUMnREVkZZNFNuRnpNSEZZYkRCalIzVnhiRnd2VFhoVk9VZGxTbFIwWm1sT1NISnZkSFJaZEVNeFFuZzFPRkJNWkV4Q1RtdEdSeXRjTDJwNE9HSkNVR2NpTENKa2FYSmxZM1JwYjI0aU9pSjJhV1YzWlhKVWIwaHZjM1FpTENKelpYRjFaVzVqWlNJNk5Dd2lkbVZ5YzJsdmJpSTZNWDAiLCJzZXEiOjQsInR5cGUiOiJzaWduYWwifQ==
capture.viewer-hide.payload	eyJjb250cm9sIjoiaGlkZVNjcmVlbiIsImtpbmQiOiJjb250cm9sIn0=
capture.viewer-identity.inbound	eyJlbnZlbG9wZSI6ImV5SmphR0Z1Ym1Wc1NVUWlPaUkxVURGRU0wWkVXRkpEUmxrMU5UVk5Oa1pOUWpkWVN6TTBPRk5JVGxjM1dGRlRRekZMU2pNd1dVUkxNRFZMTVVaQ1dFWkhJaXdpWTJsd2FHVnlkR1Y0ZENJNklqbDNRU3QxY1ZvMVF6bHdXbFp3VWxWdVVYUnpTM1ZWVDNkdk56UmhPSEpvZDF3dlZFRjNZMmxTUVRkY0x6ZEJlbTlsWW5veFlsRnlRVzgzWW1oYWJIZFRUVU0wVldNME5GWktVbHd2Ylc1cmVucEVZa2hVVEhaRE5tNTNZMlZ0VkhoUU5HTjBja3BtU2toTGNHeHdPSE5KUTBsTkswMW1RWGQzTmxRMFRUbG9ZMFJvSzFSYWVVeFVhVzFpVURoTlVGWTRkR3hvWTFBeGNHdEpWSEV4VldoUFVGUjNTR3htTnpkM2NEVk1OWEowZFhaWU9GRkVia0ZFZG1GSk0wUlZhMlp3UzBJM2RXVXpTVTFNZVhFeE1qWnVUbGhvWkV4TFRURlRjVzVrVmpSVU5sVnhlRmxITjJsclVsWjJaM2sxU1dabVdFbHRNRTFpWjBaWGVWd3ZiRlpJVVdGWVV6VTFjRVJVYVhaRWRXNVVZMlExYjNWWk9Tc3dTazA1TURRMVNtSnZZU3NpTENKa2FYSmxZM1JwYjI0aU9pSjJhV1YzWlhKVWIwaHZjM1FpTENKelpYRjFaVzVqWlNJNk1Dd2lkbVZ5YzJsdmJpSTZNWDAiLCJmcm9tIjoidmlld2VyIiwic2VxIjowLCJ0eXBlIjoic2lnbmFsIn0=
capture.viewer-identity.outbound	eyJlbnZlbG9wZSI6ImV5SmphR0Z1Ym1Wc1NVUWlPaUkxVURGRU0wWkVXRkpEUmxrMU5UVk5Oa1pOUWpkWVN6TTBPRk5JVGxjM1dGRlRRekZMU2pNd1dVUkxNRFZMTVVaQ1dFWkhJaXdpWTJsd2FHVnlkR1Y0ZENJNklqbDNRU3QxY1ZvMVF6bHdXbFp3VWxWdVVYUnpTM1ZWVDNkdk56UmhPSEpvZDF3dlZFRjNZMmxTUVRkY0x6ZEJlbTlsWW5veFlsRnlRVzgzWW1oYWJIZFRUVU0wVldNME5GWktVbHd2Ylc1cmVucEVZa2hVVEhaRE5tNTNZMlZ0VkhoUU5HTjBja3BtU2toTGNHeHdPSE5KUTBsTkswMW1RWGQzTmxRMFRUbG9ZMFJvSzFSYWVVeFVhVzFpVURoTlVGWTRkR3hvWTFBeGNHdEpWSEV4VldoUFVGUjNTR3htTnpkM2NEVk1OWEowZFhaWU9GRkVia0ZFZG1GSk0wUlZhMlp3UzBJM2RXVXpTVTFNZVhFeE1qWnVUbGhvWkV4TFRURlRjVzVrVmpSVU5sVnhlRmxITjJsclVsWjJaM2sxU1dabVdFbHRNRTFpWjBaWGVWd3ZiRlpJVVdGWVV6VTFjRVJVYVhaRWRXNVVZMlExYjNWWk9Tc3dTazA1TURRMVNtSnZZU3NpTENKa2FYSmxZM1JwYjI0aU9pSjJhV1YzWlhKVWIwaHZjM1FpTENKelpYRjFaVzVqWlNJNk1Dd2lkbVZ5YzJsdmJpSTZNWDAiLCJzZXEiOjAsInR5cGUiOiJzaWduYWwifQ==
capture.viewer-identity.payload	eyJpZGVudGl0eSI6eyJkZXZpY2VJRCI6IkFBQUFBQUFBLUJCQkItNENDQy04RERELUVFRUVFRUVFRUVFRSIsImRpc3BsYXlOYW1lIjoiQmVsdWdhIEFuZHJvaWQiLCJwdWJsaWNLZXkiOiJRME5EUTBORFEwTkRRME5EUTBORFEwTkRRME5EUTBORFEwTkRRME5EUTBNPSIsInJvbGUiOiJ2aWV3ZXIifSwia2luZCI6ImlkZW50aXR5In0=
capture.viewer-keyframe.inbound	eyJlbnZlbG9wZSI6ImV5SmphR0Z1Ym1Wc1NVUWlPaUkxVURGRU0wWkVXRkpEUmxrMU5UVk5Oa1pOUWpkWVN6TTBPRk5JVGxjM1dGRlRRekZMU2pNd1dVUkxNRFZMTVVaQ1dFWkhJaXdpWTJsd2FHVnlkR1Y0ZENJNklrRk9XWEYxZUZGd2RqazNUbFJvWld4eFJYbG9iWGcwY0doMk1XUnBXa3AyY1hZNFZrdFdXVUprUlc5dk5HaHhLM0I0ZW5CSGIxWmFSV05JUldSMFJXTndWVzljTDJSTmFFazVjVzAyVTJwQ1ZUQlJSM2RKVW5sTUswdzRNWE5KY25oa1QyczlJaXdpWkdseVpXTjBhVzl1SWpvaWRtbGxkMlZ5Vkc5SWIzTjBJaXdpYzJWeGRXVnVZMlVpT2pVc0luWmxjbk5wYjI0aU9qRjkiLCJmcm9tIjoidmlld2VyIiwic2VxIjo1LCJ0eXBlIjoic2lnbmFsIn0=
capture.viewer-keyframe.outbound	eyJlbnZlbG9wZSI6ImV5SmphR0Z1Ym1Wc1NVUWlPaUkxVURGRU0wWkVXRkpEUmxrMU5UVk5Oa1pOUWpkWVN6TTBPRk5JVGxjM1dGRlRRekZMU2pNd1dVUkxNRFZMTVVaQ1dFWkhJaXdpWTJsd2FHVnlkR1Y0ZENJNklrRk9XWEYxZUZGd2RqazNUbFJvWld4eFJYbG9iWGcwY0doMk1XUnBXa3AyY1hZNFZrdFdXVUprUlc5dk5HaHhLM0I0ZW5CSGIxWmFSV05JUldSMFJXTndWVzljTDJSTmFFazVjVzAyVTJwQ1ZUQlJSM2RKVW5sTUswdzRNWE5KY25oa1QyczlJaXdpWkdseVpXTjBhVzl1SWpvaWRtbGxkMlZ5Vkc5SWIzTjBJaXdpYzJWeGRXVnVZMlVpT2pVc0luWmxjbk5wYjI0aU9qRjkiLCJzZXEiOjUsInR5cGUiOiJzaWduYWwifQ==
capture.viewer-keyframe.payload	eyJjb250cm9sIjoicmVxdWVzdEtleUZyYW1lIiwia2luZCI6ImNvbnRyb2wifQ==
capture.viewer-show.inbound	eyJlbnZlbG9wZSI6ImV5SmphR0Z1Ym1Wc1NVUWlPaUkxVURGRU0wWkVXRkpEUmxrMU5UVk5Oa1pOUWpkWVN6TTBPRk5JVGxjM1dGRlRRekZMU2pNd1dVUkxNRFZMTVVaQ1dFWkhJaXdpWTJsd2FHVnlkR1Y0ZENJNkluWk1PSFUyY0hZcldubENjbEJwV25kNmQwOHdkREpUV25oTk4zVnBlR2hVY0VOSGMySTFNMWhGWlRKTVUzVkpZMFZtV2xkNVJVRk9Tbk5JU2t4dVNtSlFlbXgwV1dkdVVEZDJlVTFqU0RoS1QxcHdhMVpaTVhWNGJFOUJJaXdpWkdseVpXTjBhVzl1SWpvaWRtbGxkMlZ5Vkc5SWIzTjBJaXdpYzJWeGRXVnVZMlVpT2pNc0luWmxjbk5wYjI0aU9qRjkiLCJmcm9tIjoidmlld2VyIiwic2VxIjozLCJ0eXBlIjoic2lnbmFsIn0=
capture.viewer-show.outbound	eyJlbnZlbG9wZSI6ImV5SmphR0Z1Ym1Wc1NVUWlPaUkxVURGRU0wWkVXRkpEUmxrMU5UVk5Oa1pOUWpkWVN6TTBPRk5JVGxjM1dGRlRRekZMU2pNd1dVUkxNRFZMTVVaQ1dFWkhJaXdpWTJsd2FHVnlkR1Y0ZENJNkluWk1PSFUyY0hZcldubENjbEJwV25kNmQwOHdkREpUV25oTk4zVnBlR2hVY0VOSGMySTFNMWhGWlRKTVUzVkpZMFZtV2xkNVJVRk9Tbk5JU2t4dVNtSlFlbXgwV1dkdVVEZDJlVTFqU0RoS1QxcHdhMVpaTVhWNGJFOUJJaXdpWkdseVpXTjBhVzl1SWpvaWRtbGxkMlZ5Vkc5SWIzTjBJaXdpYzJWeGRXVnVZMlVpT2pNc0luWmxjbk5wYjI0aU9qRjkiLCJzZXEiOjMsInR5cGUiOiJzaWduYWwifQ==
capture.viewer-show.payload	eyJjb250cm9sIjoic2hvd1NjcmVlbiIsImtpbmQiOiJjb250cm9sIn0=
derived.admission	QmN5YkZKWVVGaDAtM3hZZW5HZXJpMmlnX2UzUm9DODMyV3BqQUtkMVBqbw==
derived.channel	NVAxRDNGRFhSQ0ZZNTU1TTZGTUI3WEszNDhTSE5XN1hRU0MxS0ozMFlESzA1SzFGQlhGRw==
derived.host-key	cSCUFxkEZ88jzTTQPCk3jP9ZV7PihglZr3MpE9jP8FA=
derived.viewer-key	sYdQjaUKhHx9ffSmxui+o17pCxs2h5jz3ihRNiJ5AP4=
ready.host	eyJpY2VTZXJ2ZXJzIjpbeyJ1cmxzIjpbInN0dW46c3R1bi5leGFtcGxlLmludmFsaWQ6MzQ3OCJdfSx7ImNyZWRlbnRpYWwiOiJwdWJsaWMtdGVzdC1wYXNzd29yZCIsImNyZWRlbnRpYWxUeXBlIjoicGFzc3dvcmQiLCJ1cmxzIjpbInR1cm5zOnJlbGF5LmV4YW1wbGUuaW52YWxpZDo0NDM/dHJhbnNwb3J0PXRjcCJdLCJ1c2VybmFtZSI6InB1YmxpYy10ZXN0LXVzZXIifV0sImludml0YXRpb25FeHBpcmVzQXQiOiIyMDMwLTAxLTAxVDAwOjAwOjAwLjAwMFoiLCJyb2xlIjoiaG9zdCIsInR5cGUiOiJyZWFkeSJ9
ready.viewer	eyJpY2VTZXJ2ZXJzIjpbeyJ1cmxzIjpbInN0dW46c3R1bi5leGFtcGxlLmludmFsaWQ6MzQ3OCJdfSx7ImNyZWRlbnRpYWwiOiJwdWJsaWMtdGVzdC1wYXNzd29yZCIsImNyZWRlbnRpYWxUeXBlIjoicGFzc3dvcmQiLCJ1cmxzIjpbInR1cm5zOnJlbGF5LmV4YW1wbGUuaW52YWxpZDo0NDM/dHJhbnNwb3J0PXRjcCJdLCJ1c2VybmFtZSI6InB1YmxpYy10ZXN0LXVzZXIifV0sImludml0YXRpb25FeHBpcmVzQXQiOiIyMDMwLTAxLTAxVDAwOjAwOjAwLjAwMFoiLCJyb2xlIjoidmlld2VyIiwidHlwZSI6InJlYWR5In0=
